sweep,theta_high,alpha,lambda_weight,vidstg_miou_pct
lambda,0.0015,0.05,0,38.81
lambda,0.0015,0.05,0.1,39.01
lambda,0.0015,0.05,0.2,39.01
lambda,0.0015,0.05,0.3,39.01
lambda,0.0015,0.05,0.4,39.01
lambda,0.0015,0.05,0.5,39.01
lambda,0.003,0.05,0,37.65
lambda,0.003,0.05,0.1,37.83
lambda,0.003,0.05,0.2,37.81
lambda,0.003,0.05,0.3,37.81
lambda,0.003,0.05,0.4,37.83
lambda,0.003,0.05,0.5,37.89
lambda,0.003,0.05,0.6,37.91
lambda,0.003,0.05,0.7,37.88
alpha,0.0015,0,,38.95
alpha,0.0015,0.05,,39.01
alpha,0.0015,0.1,,38.88
alpha,0.0015,0.2,,39.02
